{
	"credit": "Made by StormDragon77",
	"ambientocclusion": false,
	"textures": {
		"particle": "#cross"
	},
	"elements": [
		{
			"from": [0.9, 0, 8.1],
			"to": [15.3, 16, 8.1],
			"shade": false,
			"rotation": {"angle": 45, "axis": "y", "origin": [8, 8, 8], "rescale": true},
			"faces": {
				"north": {"uv": [0, 0, 16, 16], "texture": "#cross"},
				"south": {"uv": [0, 0, 16, 16], "texture": "#cross"}
			}
		},
		{
			"from": [8.1, 0, 0.9],
			"to": [8.1, 16, 15.3],
			"shade": false,
			"rotation": {"angle": 45, "axis": "y", "origin": [8, 8, 8], "rescale": true},
			"faces": {
				"east": {"uv": [0, 0, 16, 16], "texture": "#cross"},
				"west": {"uv": [0, 0, 16, 16], "texture": "#cross"}
			}
		}
	]
}